{
  "epochs": [
    1,
    2,
    3,
    4,
    5,
    6,
    7,
    8,
    9,
    10,
    11,
    12,
    13,
    14,
    15,
    16,
    17,
    18,
    19,
    20,
    21,
    22,
    23,
    24,
    25,
    26,
    27,
    28,
    29,
    30
  ],
  "loss": [
    0.42884042781591414,
    0.18422393371760845,
    0.1088624626353383,
    0.06616444139778614,
    0.05888506363481283,
    0.25940010895729065,
    0.20486462391614915,
    0.1814545677781105,
    0.17084052671194078,
    0.1691593245446682,
    0.1816296316385269,
    0.20108496448993682,
    0.19575770128965378,
    0.19296841394901276,
    0.17226309235095977,
    0.1697034450173378,
    0.18588959859609605,
    0.19276740449666976,
    0.21651576988697052,
    0.20567776515483857,
    0.2390671679496765,
    0.23894250178337098,
    0.2506400279045105,
    0.2515808074712753,
    0.2390716539621353,
    0.21543288267850877,
    0.2259368941783905,
    0.23544338240623475,
    0.22117000335454942,
    0.2218772281050682
  ],
  "model_acc": [
    77.02672129911264,
    91.92458423353263,
    95.42118096578768,
    97.18097535237808,
    97.48894583458949,
    89.19102309567491,
    91.31008316791879,
    92.35060561893752,
    92.83667981805846,
    92.8863933273038,
    91.99804064407546,
    90.66912910196493,
    90.77241899020346,
    90.8685493191297,
    92.1567642255998,
    92.51118483888806,
    91.46038048805006,
    91.13435985029264,
    89.79668769319696,
    90.3527075267736,
    88.4756495954164,
    88.69488757693757,
    87.94983916365099,
    87.6893511191499,
    88.30845771144278,
    89.66062950589063,
    89.22039093512889,
    88.70302877969084,
    89.43561148368623,
    89.00095458199357
  ],
  "gen_success": [
    0.0,
    0.0,
    0.0,
    0.0,
    0.0,
    0.0,
    0.0,
    0.0,
    0.0,
    0.0,
    7.062295399573719,
    8.550029221988789,
    9.610977417769654,
    8.670991041908332,
    8.547157992563935,
    7.31712098139587,
    7.3467115367114975,
    8.601807360940043,
    10.476170859154694,
    9.408561631467121,
    10.161903437104602,
    10.52951804335784,
    11.240080340150692,
    11.532117045971804,
    10.44929686772802,
    8.495756457026337,
    9.6522922031699,
    10.091204166066388,
    9.61956984831908,
    9.75140440036641
  ],
  "learning_rate": [
    0.0001,
    0.00055,
    0.001,
    0.001,
    0.001,
    0.001,
    0.001,
    0.001,
    0.001,
    0.001,
    0.001,
    0.001,
    0.001,
    0.001,
    0.001,
    0.001,
    0.001,
    0.001,
    0.001,
    0.001,
    0.001,
    0.0009699999999999999,
    0.0009408999999999999,
    0.000912673,
    0.00088529281,
    0.0008587340257,
    0.0008329720049289998,
    0.0008079828447811299,
    0.0007837433594376959,
    0.0007602310586545651
  ]
}