{
  "epochs": [
    1,
    2,
    3,
    4,
    5,
    6,
    7,
    8,
    9,
    10,
    11,
    12,
    13,
    14,
    15,
    16,
    17,
    18,
    19,
    20,
    21,
    22,
    23,
    24,
    25,
    26,
    27,
    28,
    29,
    30
  ],
  "loss": [
    0.40385542809963226,
    0.19603704332709312,
    0.09275456369370222,
    0.06520953558981418,
    0.06280603117197751,
    0.24232123057842256,
    0.19904997977018357,
    0.1909408919930458,
    0.19225980134010315,
    0.19289898408651351,
    0.2657249184370041,
    0.3359471193552017,
    0.34919359793663024,
    0.3576289457321167,
    0.3444860924482346,
    0.3364378415346146,
    0.29947732281684875,
    0.28204300844669344,
    0.274537685918808,
    0.27342860956192017,
    0.28130704622268676,
    0.2934539106845856,
    0.2935664305448532,
    0.2738186270236969,
    0.27656194791793826,
    0.26844059319496155,
    0.2419579529762268,
    0.2380427980542183,
    0.2212795358657837,
    0.21919687995910644
  ],
  "model_acc": [
    79.4696493653387,
    91.16620199432346,
    95.97682368910563,
    97.17908122235625,
    97.33668341708542,
    89.66305686072515,
    91.51130653266331,
    91.96527289174792,
    91.78731211984115,
    91.88258651453846,
    88.34074520740685,
    84.34719219747625,
    83.58373951057736,
    82.90687445016967,
    83.83198934860702,
    83.94777844792924,
    85.55756616150192,
    86.59372958850425,
    86.83172545472817,
    86.8204200582856,
    86.48855728891904,
    86.00356981245915,
    85.7514450867052,
    86.71818067596432,
    86.59128031159693,
    86.87146626460611,
    88.17313732881016,
    88.62591392176076,
    89.3811868750314,
    89.70880128639983
  ],
  "gen_success": [
    0.0,
    0.0,
    0.0,
    0.0,
    0.0,
    0.0,
    0.0,
    0.0,
    0.0,
    0.0,
    8.824549809913492,
    13.574577048591136,
    13.503170749349994,
    15.431222307159873,
    15.272779546315403,
    13.87365798559598,
    13.156355119845974,
    11.908133783115337,
    13.095813652327445,
    11.626548983219397,
    11.75299318282373,
    11.708669625834354,
    11.126763958685219,
    11.345880661065989,
    12.462781880240241,
    12.10084997031666,
    11.469521838426983,
    10.518400027144532,
    9.720215286075241,
    9.531969300318831
  ],
  "learning_rate": [
    0.0001,
    0.00055,
    0.001,
    0.001,
    0.001,
    0.001,
    0.001,
    0.001,
    0.001,
    0.001,
    0.001,
    0.001,
    0.001,
    0.001,
    0.001,
    0.001,
    0.001,
    0.001,
    0.001,
    0.001,
    0.001,
    0.0009699999999999999,
    0.0009408999999999999,
    0.000912673,
    0.00088529281,
    0.0008587340257,
    0.0008329720049289998,
    0.0008079828447811299,
    0.0007837433594376959,
    0.0007602310586545651
  ]
}