{
  "epochs": [
    1,
    2,
    3,
    4,
    5,
    6,
    7,
    8,
    9,
    10,
    11,
    12,
    13,
    14,
    15,
    16,
    17,
    18,
    19,
    20,
    21,
    22,
    23,
    24,
    25,
    26,
    27,
    28,
    29,
    30
  ],
  "loss": [
    0.6265180552851417,
    0.4477574443039687,
    0.19603926644104297,
    0.10811699912361204,
    0.084205147079288,
    0.3511411241112912,
    0.2807936738639456,
    0.2504237395981902,
    0.2218168564908019,
    0.20786723721286524,
    0.23839145714685628,
    0.2668342208084853,
    0.27438011683643,
    0.28398575400187714,
    0.27223138613477177,
    0.2482480995646876,
    0.24764012489084247,
    0.24927819453742467,
    0.25310348352796697,
    0.2638168722663919,
    0.2743430766756529,
    0.2667772330735859,
    0.25351346688221466,
    0.2500651938418775,
    0.30511416017463605,
    0.259012303240512,
    0.25813624764061627,
    0.23814746955712274,
    0.267367758709315,
    0.23201574923926688
  ],
  "model_acc": [
    61.93536804308797,
    77.04022988505747,
    91.21070594575176,
    95.40017242618003,
    96.43370463528566,
    84.35063768636608,
    87.4470072573112,
    88.86653493802767,
    90.05999209684951,
    90.86452122692336,
    89.37515719880709,
    87.90137202787156,
    87.53682017386306,
    86.49410834890071,
    87.15101864826991,
    88.41636435472864,
    88.03226849689173,
    88.04203341117298,
    87.71519965496172,
    87.62308632214476,
    86.65241295051925,
    87.3360405361699,
    87.8362846162135,
    88.04234515978288,
    85.59471207385853,
    87.84308090242851,
    87.78248841303488,
    88.48916986960738,
    87.24898516363113,
    88.99967661959685
  ],
  "val_loss": [
    0.9056889500962683,
    5.338494538781148,
    2.1898731764906154,
    2.8553723661523116,
    3.1330570174801733,
    0.4479767286801482,
    0.5522091622820837,
    0.9045576060632147,
    0.643922108208727,
    0.5095176854765558,
    0.3921164389579527,
    0.6439594776337775,
    0.5466877588306565,
    0.6561480614261128,
    1.0360983199996487,
    0.7623100279557584,
    0.3191937064883685,
    1.1807068086439563,
    1.2770918487054617,
    0.2271884516691058,
    0.9758572710884942,
    0.2459086419226889,
    0.6061184685076436,
    0.45400929668171686,
    0.1787286974654591,
    0.29257585892236854,
    0.45397436365936744,
    0.8323325487209757,
    0.2621120138168335,
    0.34229192779337614
  ],
  "val_acc": [
    57.53012048192771,
    55.030181086519114,
    68.7374749498998,
    67.61133603238866,
    67.64112903225806,
    80.78470824949699,
    81.86372745490982,
    67.16867469879519,
    84.06813627254509,
    83.33333333333333,
    82.96370967741936,
    77.46478873239437,
    76.70682730923694,
    80.58350100603622,
    64.88933601609658,
    81.91919191919192,
    88.78787878787878,
    80.74596774193549,
    67.61133603238866,
    91.54929577464789,
    79.79797979797979,
    91.08216432865731,
    82.66129032258064,
    85.12145748987854,
    91.95171026156942,
    86.84738955823293,
    85.75757575757575,
    78.57142857142857,
    89.5,
    88.12877263581488
  ],
  "gen_success": [
    0.0,
    0.0,
    0.0,
    0.0,
    0.0,
    0.0,
    0.0,
    0.0,
    0.0,
    0.0,
    7.863234449425713,
    10.173501083828754,
    9.959059307673725,
    11.75292845879225,
    10.996467706223156,
    10.71964504145529,
    10.71948157446435,
    11.095088212270483,
    11.131030597494512,
    10.003460859541077,
    12.844751746234959,
    12.098053896488166,
    13.124410503678469,
    11.022971973867987,
    11.812321370942431,
    11.960974345009639,
    10.987934258659687,
    10.951252474204546,
    11.88019915684387,
    9.424811937658022
  ],
  "learning_rate": [
    0.0001,
    0.00055,
    0.001,
    0.001,
    0.001,
    0.001,
    0.001,
    0.001,
    0.001,
    0.001,
    0.001,
    0.001,
    0.001,
    0.001,
    0.001,
    0.001,
    0.001,
    0.001,
    0.001,
    0.001,
    0.001,
    0.0009699999999999999,
    0.0009408999999999999,
    0.000912673,
    0.00088529281,
    0.0008587340257,
    0.0008329720049289998,
    0.0008079828447811299,
    0.0007837433594376959,
    0.0007602310586545651
  ]
}