{
  "epochs": [
    1,
    2,
    3,
    4,
    5,
    6,
    7,
    8,
    9,
    10,
    11,
    12,
    13,
    14,
    15,
    16,
    17,
    18,
    19,
    20,
    21,
    22,
    23,
    24,
    25,
    26,
    27,
    28,
    29,
    30,
    31,
    32,
    33,
    34,
    35,
    36,
    37,
    38,
    39,
    40,
    41,
    42,
    43,
    44,
    45,
    46,
    47,
    48,
    49,
    50,
    51,
    52,
    53,
    54,
    55,
    56,
    57,
    58,
    59,
    60
  ],
  "loss": [
    0.6920087089325859,
    0.6867534544831315,
    0.6684790127339416,
    0.6434797996925156,
    0.6209160602447269,
    0.6017612791637506,
    0.6561619116471159,
    0.6543626900499195,
    0.6449905574100169,
    0.639344992247656,
    0.6355561246216076,
    0.6373168447203795,
    0.6200180412668278,
    0.6053835995578412,
    0.5815268158912659,
    0.5736895140440491,
    0.5510381463513498,
    0.5638377789449515,
    0.5441772948853588,
    0.5306782114239873,
    0.523467604887973,
    0.5202921743065008,
    0.512231014031903,
    0.5025505002546488,
    0.5118147662137964,
    0.4973651955118853,
    0.49226886543642634,
    0.48609344688933137,
    0.47962991754804846,
    0.4719814139671042,
    0.4577478803001815,
    0.4587556060583618,
    0.44288841122588263,
    0.4354083580155355,
    0.4511251807434408,
    0.4449946259920482,
    0.4482232373221656,
    0.4301182089241907,
    0.4363480431882865,
    0.4291104919183653,
    0.4197859257792008,
    0.4222252918441943,
    0.4326355357595536,
    0.4124597736450819,
    0.4160193771013097,
    0.41592355908957557,
    0.4293364542346018,
    0.4336814108169655,
    0.4104826814844706,
    0.40797476841614594,
    0.4153690041219435,
    0.40188158976544236,
    0.4210833292246751,
    0.39753168655150883,
    0.4013654065619614,
    0.4089170620122364,
    0.3995513295595531,
    0.4161249227461762,
    0.39817588834514406,
    0.4004323228805925
  ],
  "model_acc": [
    51.840723453908986,
    54.08329930583912,
    58.07167036302089,
    61.5440747227087,
    64.43205696941396,
    67.11094260382642,
    61.027437244600115,
    61.02481751824818,
    62.11555296177415,
    62.68674136321195,
    63.22379173476535,
    63.25476926667056,
    65.16690009337069,
    66.71531142373475,
    68.69674331738065,
    69.91658889407373,
    71.44898792510062,
    70.33358649296021,
    71.92296469215057,
    72.92287032171426,
    73.30881923772836,
    73.46028228158171,
    74.05203593513009,
    74.68036662969233,
    74.08282298046078,
    75.12830980986818,
    75.45809990662931,
    75.82132228511408,
    76.02475767838375,
    76.6964233619231,
    77.3769917702679,
    77.12200817279627,
    78.36574966415513,
    78.96994455792237,
    77.7813429788227,
    78.47347843846647,
    78.1149693609571,
    79.35873497490955,
    78.74525824336155,
    79.52275249722531,
    80.0426177827077,
    79.9241097489784,
    79.31175269757946,
    80.38975436139798,
    80.30744997374715,
    80.13067320032668,
    79.33158201984821,
    79.20532119726938,
    80.69202940833236,
    80.803805965793,
    80.435289998833,
    81.25583839327417,
    79.97665596731835,
    81.43349092394794,
    81.23284471179116,
    80.79145508667484,
    81.50309254288715,
    80.39238584608198,
    81.42848799859837,
    81.36831035288618
  ],
  "val_loss": [
    0.6904025426450765,
    1.2961357758051624,
    0.691964614905437,
    0.8295554170537925,
    0.7863788632663538,
    1.2560322250110096,
    1.1572991981301257,
    0.7547607421875,
    0.7549770028396463,
    0.7897907527630541,
    0.7726446644454432,
    0.670366750091234,
    0.947556939291922,
    0.6689143575548167,
    0.7453023674991859,
    0.8862047497067765,
    0.7982132469953463,
    0.6403431221942774,
    0.6067526387013144,
    0.9135201570184474,
    0.5625626502576138,
    0.7708871325495412,
    0.6704725509617242,
    0.7759217498123004,
    0.8505801903196128,
    0.8277127101857175,
    0.9305470278963567,
    1.0219925237982066,
    0.8206527232325859,
    0.8792656929262223,
    0.5804506193741173,
    1.0292104751833024,
    0.8016345295854794,
    0.7761380746358167,
    0.9172796817950845,
    0.7821831917730494,
    0.8273967335124138,
    0.8836674331336893,
    0.6175069486772692,
    0.6322923036229691,
    0.7507650990556931,
    0.6288310088287642,
    0.7513761447075217,
    0.6934840545297306,
    0.7277850874008671,
    0.7263448808851575,
    0.6985569744302123,
    0.80386714823294,
    0.713933126856111,
    0.5397573920704375,
    0.7044486999511719,
    0.7736212970426418,
    0.7117535292702233,
    0.7530027178519549,
    0.820380319424761,
    0.605437657639787,
    0.8228294311031219,
    0.861290751684402,
    0.8060705076156042,
    0.7779760937614134
  ],
  "val_acc": [
    54.31266846361186,
    52.22371967654986,
    53.03234501347709,
    53.23014804845222,
    55.287817938420346,
    59.176788124156545,
    55.04032258064516,
    50.54054054054054,
    56.89424364123159,
    52.35849056603774,
    58.344549125168236,
    63.81401617250674,
    56.594885598923284,
    66.15281501340482,
    62.382234185733516,
    58.008075370121134,
    60.776439089692104,
    66.44295302013423,
    68.57335127860027,
    61.22994652406417,
    73.21668909825034,
    63.05220883534137,
    69.38088829071333,
    65.25537634408602,
    61.31191432396252,
    57.594086021505376,
    61.253369272237194,
    55.97315436241611,
    59.705488621151275,
    58.19892473118279,
    70.86137281292059,
    61.08870967741935,
    56.51881720430107,
    61.05121293800539,
    54.69168900804289,
    58.38971583220568,
    59.40460081190798,
    59.40860215053763,
    68.24324324324324,
    68.45637583892618,
    64.50742240215925,
    67.74628879892038,
    62.032085561497325,
    66.64438502673796,
    63.23924731182796,
    62.1313672922252,
    64.63087248322148,
    58.25503355704698,
    64.54423592493298,
    71.74496644295301,
    65.3225806451613,
    62.281879194630875,
    63.557046979865774,
    62.967914438502675,
    60.704607046070464,
    70.54054054054055,
    60.954301075268816,
    59.01749663526245,
    60.901749663526246,
    62.85140562248996
  ],
  "gen_success": [
    0.0,
    0.0,
    0.0,
    0.0,
    0.0,
    23.96365936729104,
    27.72417444473009,
    26.37831052397459,
    23.09912756084279,
    23.8327266142939,
    24.187575377710044,
    24.045701181744512,
    24.630495150143513,
    25.291395029531174,
    25.571372856206366,
    27.384900827683843,
    26.982664545861113,
    29.048073845685053,
    26.609359514887103,
    25.784736264938164,
    25.385084038207673,
    28.59172661827316,
    28.118763585429363,
    25.65866698577281,
    26.278383343290052,
    27.953472603874314,
    25.488185812800364,
    25.6060584702336,
    24.32258664551415,
    23.838019896490415,
    23.02653066717301,
    24.26121564641636,
    23.984964666748205,
    22.33141474732161,
    25.062259481936483,
    22.13061837333319,
    22.171021400792913,
    20.0109916700725,
    21.26451713102494,
    19.895302200616694,
    19.567792436583844,
    19.944988498948305,
    21.82813661820998,
    19.230442178571064,
    19.83473921205643,
    20.270349478132044,
    25.486749582830427,
    24.722519538027043,
    19.76067323573372,
    19.535564098466082,
    20.975694788358823,
    19.82573879090122,
    21.203755814973075,
    18.300121655664388,
    18.736546729567646,
    20.548461485051554,
    18.633136107493954,
    21.087200614402676,
    18.543168940211128,
    19.402728742167323
  ],