{
  "epochs": [
    1,
    2,
    3,
    4,
    5,
    6,
    7,
    8,
    9,
    10,
    11,
    12,
    13,
    14,
    15,
    16,
    17,
    18,
    19,
    20,
    21,
    22,
    23,
    24,
    25,
    26,
    27,
    28,
    29,
    30,
    31,
    32,
    33,
    34,
    35,
    36,
    37,
    38,
    39,
    40
  ],
  "loss": [
    0.6869576236572408,
    0.5551792263541523,
    0.45885047139288326,
    0.4053382121275792,
    0.3692985534335601,
    0.35544163564767095,
    0.33171992502469555,
    0.3107629810567239,
    0.29723606521755347,
    0.2925096023481575,
    0.40846021700525814,
    0.4477968269121248,
    0.4414765643142856,
    0.4281757726545227,
    0.42083609979391984,
    0.4053423389183101,
    0.3954477973808586,
    0.3919186613152018,
    0.3978209844530737,
    0.3734822768482577,
    0.3790414805305935,
    0.39315591115490656,
    0.3927133514313893,
    0.4024868829099662,
    0.39473928106761774,
    0.39971028284955645,
    0.38967331922630394,
    0.39484529933964896,
    0.389354326135607,
    0.37682264544706806,
    0.3758762004650215,
    0.37280757741857196,
    0.3702040508555657,
    0.36305809696810837,
    0.35146750847646296,
    0.36651898698957436,
    0.3364142390542757,
    0.36019164401359277,
    0.3497980147267806,
    0.3480922960326574
  ],
  "model_acc": [
    53.922713209970226,
    68.87883211678832,
    76.23577473008463,
    80.07878611030056,
    82.66211404891146,
    83.37709317929867,
    85.03095432776544,
    85.94744525547445,
    86.71720116618076,
    86.84840347907303,
    80.566907986922,
    77.78848399906563,
    77.687324929972,
    78.39416058394161,
    79.11366553856926,
    80.06596999241053,
    80.61814148961008,
    80.87230688386758,
    80.21234395053087,
    81.8656629318394,
    81.56696819375547,
    80.52994046924245,
    80.59122213143458,
    79.7460595446585,
    80.54177126510596,
    79.62411720072375,
    80.36818765316839,
    80.01868504028961,
    80.5103053657967,
    80.93779178338002,
    81.19233913348125,
    81.12634957688941,
    81.34881278805204,
    81.84631554361789,
    82.6625838436862,
    81.5921559472394,
    83.42668767139273,
    82.06242707117853,
    82.7702899819126,
    82.52333722287048
  ],
  "val_loss": [
    0.6809661124915768,
    0.8281931544571232,
    0.5343856552861771,
    0.4802607512891212,
    0.5405981546265374,
    0.6564280295822462,
    0.41500034319457185,
    0.6299614655004965,
    0.6167070778657793,
    0.5280710512978047,
    1.224489582018127,
    0.3433396361587504,
    1.6878231990064618,
    1.1770959207263774,
    0.8989793256346342,
    0.6122232865677547,
    0.9193598170835809,
    0.3518597810460417,
    0.494952594768632,
    0.2704052677288412,
    0.44969557500463153,
    0.3058124704453521,
    0.8909066469480019,
    0.3253370071611097,
    0.5425844857970394,
    0.4395720035799088,
    1.8926460485895367,
    0.34576072948891046,
    0.2593970349335287,
    0.4439930976718985,
    0.3276810612765167,
    0.277887144396382,
    0.27640681465466815,
    0.2530329233472238,
    0.9983821782925174,
    0.3232382998898807,
    1.037042413335369,
    0.49228798061288814,
    0.3392327377925048,
    0.35931736526873287
  ],
  "val_acc": [
    55.39083557951483,
    58.288409703504044,
    71.63072776280323,
    75.3028263795424,
    74.9665327978581,
    71.39001349527665,
    81.58602150537635,
    81.82432432432432,
    73.15930388219545,
    80.3234501347709,
    52.75908479138627,
    84.29919137466307,
    56.3257065948856,
    55.160857908847184,
    59.623149394347244,
    77.92732166890983,
    66.19812583668005,
    85.83892617449665,
    82.16689098250336,
    88.63636363636364,
    82.3014804845222,
    87.21552878179384,
    72.4764468371467,
    85.41666666666667,
    81.05756358768407,
    80.91397849462365,
    53.97574123989218,
    86.24161073825503,
    89.0227576974565,
    78.36021505376344,
    87.3485868102288,
    86.6263440860215,
    88.44086021505376,
    88.94878706199461,
    61.26005361930295,
    86.73883626522327,
    67.38836265223274,
    81.92204301075269,
    85.67567567567568,
    87.11409395973155
  ],
  "gen_success": [
    0.0,
    0.0,
    0.0,
    0.0,
    0.0,
    0.0,
    0.0,
    0.0,
    0.0,
    0.0,
    16.30512680889409,
    19.083815743112506,
    19.834442093910535,
    19.827182390384777,
    18.994588138371356,
    19.1650176967053,
    17.503011025755832,
    15.742652620361937,
    16.557340275302654,
    15.227421027095472,
    14.79451768548171,
    16.915217487775557,
    16.626079601190398,
    18.047935604318674,
    17.064011322938363,
    16.78495734262049,
    15.911752394046038,
    17.572102055588154,
    17.158332975234604,
    15.647736411215751,
    16.668891705941338,
    15.581380380671728,
    14.171725919487828,
    13.914853389823653,
    14.514190917312716,
    15.312370262797415,
    14.322617365020552,
    15.188033282090577,
    15.108926457166236,
    15.360164658323253
  ],
  "learning_rate": [
    0.0001,
    0.00055,
    0.001,
    0.001,
    0.001,
    0.001,
    0.001,
    0.001,
    0.001,
    0.001,
    0.001,
    0.001,
    0.001,
    0.001,
    0.001,
    0.001,
    0.001,
    0.001,
    0.001,
    0.001,
    0.001,
    0.0009699999999999999,
    0.0009408999999999999,
    0.000912673,
    0.00088529281,
    0.0008587340257,
    0.0008329720049289998,
    0.0008079828447811299,
    0.0007837433594376959,
    0.0007602310586545651,
    0.0007374241268949281,
    0.0007153014030880803,
    0.0006938423609954377,
    0.0006730270901655746,
    0.0006528362774606074,
    0.0006332511891367892,
    0.0006142536534626855,
    0.0005958260438588049,
    0.0005779512625430407,
    0.0005606127246667495
  ]
}