{
  "epochs": [
    1,
    2,
    3,
    4,
    5,
    6,
    7,
    8,
    9,
    10,
    11,
    12,
    13,
    14,
    15,
    16,
    17,
    18,
    19,
    20,
    21,
    22,
    23,
    24,
    25,
    26,
    27,
    28,
    29,
    30,
    31,
    32,
    33,
    34,
    35,
    36,
    37,
    38,
    39,
    40,
    41,
    42,
    43,
    44,
    45,
    46,
    47,
    48,
    49,
    50,
    51,
    52,
    53,
    54,
    55,
    56,
    57,
    58,
    59,
    60,
    61,
    62,
    63,
    64,
    65,
    66,
    67,
    68,
    69,
    70,
    71,
    72,
    73,
    74,
    75,
    76,
    77,
    78,
    79,
    80
  ],
  "loss": [
    0.6924874733814963,
    0.6832990143378871,
    0.6811761129301277,
    0.6774839286910557,
    0.6758972401955757,
    0.6723821109998624,
    0.6786036090336768,
    0.6818153474853828,
    0.6831677017601893,
    0.6814839328088725,
    0.6836164438591571,
    0.6810940807636786,
    0.6808520785937965,
    0.679077298224637,
    0.6802502504954994,
    0.6812657525548261,
    0.6790588473741893,
    0.6768864470786765,
    0.6765182647563268,
    0.6740561969661358,
    0.6731743752734812,
    0.6737498614424666,
    0.6707591589498697,
    0.66961081697152,
    0.6667774521285273,
    0.6642326803455566,
    0.6593820350763966,
    0.6571431840219463,
    0.6547557933179863,
    0.6533434537263608,
    0.6523139837949249,
    0.6444974264690867,
    0.6376256335623646,
    0.6380855469898663,
    0.6318248255545322,
    0.631174952788867,
    0.6254292210238573,
    0.6232122510782405,
    0.6193588903402307,
    0.6160704429264848,
    0.6156088361952827,
    0.6073305083916533,
    0.6066315165239639,
    0.6032829916166993,
    0.6027787095108883,
    0.5984452388986778,
    0.5980371234585361,
    0.5917449651154444,
    0.5894013924669599,
    0.5879257671451923,
    0.5842722333053674,
    0.5855510615947964,
    0.5830284979706803,
    0.5794149400133183,
    0.574829613852235,
    0.5766975919553339,
    0.5717095980856941,
    0.5719635508760643,
    0.5678084304341596,
    0.5675889716715617,
    0.5666794991847751,
    0.5630074593214297,
    0.5631337221227171,
    0.5619841220210476,
    0.5584679731205937,
    0.5594205426460749,
    0.5571818628718862,
    0.5574191865203105,
    0.5551936275232237,
    0.5556832054512209,
    0.5531233906967489,
    0.553793223373952,
    0.550320436409415,
    0.5496147310423585,
    0.5491273917230088,
    0.548761211584935,
    0.547655006988341,
    0.5483773178992218,
    0.5497896289072072,
    0.5487319439317214
  ],
  "model_acc": [
    50.3094709797968,
    52.63188608776844,
    53.038883699205975,
    53.99428137947132,
    54.62050055422671,
    56.17528718875736,
    55.69017867569777,
    54.77733029825483,
    54.00478357251196,
    54.613546281184426,
    53.57309668379262,
    54.36267071320182,
    54.86686908793647,
    55.011090357226244,
    54.75801272695429,
    55.04059342328135,
    55.55847492263677,
    55.94209666121877,
    56.12852390124321,
    56.81990548976139,
    56.94606584169974,
    56.905916019389124,
    57.620687642285915,
    57.83592975086061,
    58.38195822149609,
    58.654182709135455,
    59.57161199953309,
    60.401960212356336,
    60.58528330512925,
    60.96086448598131,
    61.391629210203725,
    62.3255678168973,
    63.27846845269363,
    63.07966359070202,
    63.82600070019839,
    63.75678356771897,
    64.4169631919734,
    65.14762516046213,
    65.34644795983888,
    65.82817789191083,
    65.91704585229262,
    66.99725803628726,
    66.92334616730837,
    67.27760915246323,
    67.36313762110424,
    67.67110488203691,
    68.00537038118031,
    68.60261498949335,
    68.77553402591339,
    68.88020073525121,
    69.28104575163398,
    69.1663261136085,
    69.15931530057837,
    69.79391674937241,
    70.24289134115723,
    69.9468551071658,
    70.53055506916478,
    70.43518842608798,
    70.95079670810716,
    70.90606573647031,
    71.10871088276507,
    71.62754029432375,
    71.51115263342287,
    71.51359551873031,
    71.65684959468129,
    71.7948717948718,
    72.10428088183833,
    71.94267701827097,
    72.29587664992407,
    72.17523187306773,
    72.22416812609457,
    72.54495562821111,
    72.40665110851809,
    72.85455924391809,
    72.84905440112071,
    72.6065382370111,
    73.01360266215191,
    72.7975947224006,
    72.82469049287549,
    72.799743035683
  ],
  "val_loss": [
    0.6929586364252548,
    0.6878536367673437,
    0.6893975837532722,
    0.7011413081658159,
    0.6945317430668566,
    0.7033482083746618,
    0.6865007832486142,
    0.7136814410622055,
    0.6879523480273634,
    0.7115600806362224,
    0.6928747566680087,
    0.7069237942322888,
    0.7209670286961551,
    0.7196284455843969,
    0.6631943793669042,
    0.6966145519132088,
    0.6902029626819504,
    0.6921034802526436,
    0.6966182809338114,
    0.709954978947971,
    0.6942235237817264,
    0.6977018720334474,
    0.6919500165961151,
    0.7534015063316591,
    0.677019316428796,
    0.6761214284486669,
    0.693666423748767,
    0.7061199971493458,
    0.6745346360098087,
    0.6852321740119688,
    0.6934319457006647,
    0.807283111797866,
    0.7383588770384429,
    0.6168661223588928,
    0.5460994015110722,
    0.6784580437837014,
    0.7486516358242629,
    0.6554915206406706,
    0.6763447413573394,
    0.9018969719041914,
    0.7195733286108565,
    0.8389824275706622,
    0.7659241104508466,
    1.0082643178695025,
    0.850204724137501,
    0.8809896602068127,
    0.8046515883215322,
    0.6565858047280536,
    0.8369344557578059,
    1.1040035814246876,
    0.79959273851046,
    0.8891701975124794,
    1.0216922025552533,
    0.8737906427944407,
    0.8470520957052546,
    0.8571868252109837,
    0.7241556477803056,
    0.8877486941952404,
    1.1021246475294173,
    1.0707526920310944,
    0.9002045200458285,
    0.9148039453604019,
    1.026993254900944,
    0.8556917833801884,
    1.027506487343901,
    1.1433662294382705,
    1.0318654735670012,
    1.0084359955851578,
    0.9678989568012673,
    1.0290177427927654,
    1.1007749189466438,
    1.189645205202435,
    0.6420976535521726,
    0.8193436578195792,
    1.175126562073485,
    1.0320853699919998,
    1.0499495140315707,
    1.0139428897586107,
    1.0748227770524263,
    1.1680252904351425
  ],