{
  "epochs": [
    1,
    2,
    3,
    4,
    5,
    6,
    7,
    8,
    9,
    10,
    11,
    12,
    13,
    14,
    15,
    16,
    17,
    18,
    19,
    20,
    21,
    22,
    23,
    24,
    25,
    26,
    27,
    28,
    29,
    30
  ],
  "loss": [
    0.5350280699014663,
    0.4886638880729675,
    0.37228353390693664,
    0.304208907365799,
    0.25771672757864,
    0.47077067475318907,
    0.46710504941940306,
    0.4570079157829285,
    0.42546123876571657,
    0.35328347299098967,
    0.35363683671951296,
    0.3921747994422913,
    0.3757717076539993,
    0.42336893911361695,
    0.43983273706436155,
    0.40859770703315734,
    0.3840853806018829,
    0.3904935540676117,
    0.33781994915008545,
    0.33375480053424833,
    0.37152440390586855,
    0.37814442324638364,
    0.38255283970832826,
    0.35468295912742615,
    0.38214454298019407,
    0.3812485146045685,
    0.3510726016998291,
    0.34956205191612244,
    0.3533965666770935,
    0.34201641125679016
  ],
  "model_acc": [
    70.75891174918983,
    74.50950837792348,
    82.4292749108085,
    86.39481420064823,
    89.05099399331473,
    77.01690912288636,
    76.97710652627346,
    77.59898502663049,
    79.41117338091529,
    83.59506520264328,
    83.51717379833664,
    80.53279718522242,
    81.16894541067659,
    78.21182736270914,
    76.89262554667471,
    78.11267180943287,
    80.14548835339347,
    80.06179662379421,
    82.49535152520227,
    83.30527426690455,
    81.32475625691025,
    80.72835535902719,
    80.2181781620752,
    82.03311474586066,
    80.07813481395874,
    79.7243649337923,
    82.08533306530643,
    81.76942015877802,
    81.63798517774148,
    82.15541932566202
  ],
  "gen_success": [
    0.0,
    0.0,
    0.0,
    0.0,
    0.0,
    0.0,
    0.0,
    0.0,
    0.0,
    0.0,
    12.552282778752657,
    20.356647723708555,
    20.576033245401337,
    22.807057409511412,
    29.23171466711864,
    19.56975125281412,
    17.989745053367752,
    19.058958069120077,
    16.302365305541443,
    14.614956834020946,
    17.78211679406016,
    17.466959675985855,
    17.381030904637992,
    19.263452695145297,
    17.5909802036364,
    19.25023416458422,
    17.498740453716533,
    16.067843402984224,
    16.253079080950577,
    16.768059901398832
  ],
  "learning_rate": [
    0.0001,
    0.00055,
    0.001,
    0.001,
    0.001,
    0.001,
    0.001,
    0.001,
    0.001,
    0.001,
    0.001,
    0.001,
    0.001,
    0.001,
    0.001,
    0.001,
    0.001,
    0.001,
    0.001,
    0.001,
    0.001,
    0.0009699999999999999,
    0.0009408999999999999,
    0.000912673,
    0.00088529281,
    0.0008587340257,
    0.0008329720049289998,
    0.0008079828447811299,
    0.0007837433594376959,
    0.0007602310586545651
  ]
}