{
  "epochs": [
    1,
    2,
    3,
    4,
    5,
    6,
    7,
    8,
    9,
    10,
    11,
    12,
    13,
    14,
    15,
    16,
    17,
    18,
    19,
    20,
    21,
    22,
    23,
    24,
    25,
    26,
    27,
    28,
    29,
    30,
    31,
    32,
    33,
    34,
    35,
    36,
    37,
    38,
    39,
    40,
    41,
    42,
    43,
    44,
    45,
    46,
    47,
    48,
    49,
    50,
    51,
    52,
    53,
    54,
    55,
    56,
    57,
    58,
    59,
    60
  ],
  "loss": [
    0.6896145232991215,
    0.6705198385458453,
    0.6502626804170999,
    0.6147062711999319,
    0.6062510678316138,
    0.5916900180529484,
    0.6110829533697504,
    0.6144376434801236,
    0.648197639608915,
    0.6436655151356552,
    0.6334171731675867,
    0.6209043180189168,
    0.5957328799045662,
    0.5718879081502724,
    0.5659008909113789,
    0.5444554659956893,
    0.5114272193616207,
    0.49573806448940005,
    0.48360697110789413,
    0.47447780749611695,
    0.46799513985676394,
    0.46017573402716766,
    0.4591711508075544,
    0.45668019470672183,
    0.4474437264483214,
    0.44794691606081993,
    0.4398686577839479,
    0.4424642049690162,
    0.43608688876088225,
    0.43135138947281254,
    0.4309394444896386,
    0.43053100022684687,
    0.42533603698347583,
    0.4225568845591137,
    0.42209503963091116,
    0.4168898659346272,
    0.4148297295472879,
    0.4088371040431097,
    0.404820150713052,
    0.40444592572056226,
    0.40382355872583214,
    0.3998571264256332,
    0.3962358796906737,
    0.3964846168530475,
    0.3968942203043119,
    0.39161252731727403,
    0.3878786469702384,
    0.3879817669941147,
    0.3866994907200115,
    0.3851375772607371,
    0.3840174203025364,
    0.38284463665299256,
    0.3808021614099524,
    0.37796746199902104,
    0.37856084706614895,
    0.3790873489636914,
    0.37569005316518056,
    0.37598675478346727,
    0.37669516640081724,
    0.3760131563174237
  ],
  "model_acc": [
    53.0733757515615,
    59.15566974191288,
    62.71310135450724,
    67.29108309990663,
    68.73030692029408,
    70.3643252696007,
    68.46836329675462,
    68.03618325065655,
    63.37341661315743,
    63.96856925863177,
    64.84119570294256,
    66.74646735957025,
    69.82597523943004,
    72.20730710867281,
    72.73231703755621,
    74.60748263584895,
    77.45229620120207,
    78.7626100647268,
    79.67600700525394,
    80.57810218978102,
    81.15184774359274,
    81.90943043884221,
    81.75316714344095,
    82.09844105797863,
    82.86280914605693,
    82.6019723405497,
    83.34499854184894,
    83.11942127063766,
    83.70714327434145,
    83.99988323213452,
    84.15951421731769,
    83.87906379501547,
    84.6454853404976,
    84.65222215733225,
    84.50490425035031,
    84.9766355140187,
    85.36037350452291,
    85.66343797409266,
    86.09895559834295,
    86.1158134376277,
    86.16499182051881,
    86.33154393744894,
    86.8226098115849,
    86.63476129333489,
    86.56999474820563,
    86.90302641553443,
    87.3031151557578,
    87.29426870549784,
    87.34177215189874,
    87.48905876174359,
    87.52261981203665,
    87.77278562259306,
    87.78523489932886,
    88.17831718987047,
    88.0,
    87.91985513172499,
    88.25708950869414,
    88.34228658180544,
    88.29104695246427,
    88.48039215686275
  ],
  "val_loss": [
    0.6855808784055581,
    0.7263112582286413,
    0.682658396962518,
    0.8837850399485828,
    0.7358316921964387,
    0.8094790234417729,
    1.2269586145236928,
    0.7846293665267325,
    0.6568211225301546,
    0.6433052624653613,
    0.6127931425099739,
    0.708466412243496,
    0.57563898693344,
    0.6580338641082314,
    0.5921483319829323,
    0.5787099044704822,
    0.9521293824456303,
    0.45965296118051413,
    0.5428251329694108,
    0.7321487014943903,
    0.49403725750995037,
    0.7859791426294779,
    1.0032341549245698,
    0.6074686191415274,
    0.37139066662813924,
    0.5591606882310682,
    0.48015781088338066,
    0.5914313864387922,
    0.42937839749347734,
    0.4751244129673127,
    0.4112163973448254,
    0.5124958740767612,
    0.5790623093164096,
    0.4249792953707137,
    0.9528983283298584,
    0.42986348017304127,
    0.4985071753173139,
    0.4714258864361753,
    0.5484579215178619,
    0.6135461075993992,
    0.4016268830469906,
    0.4091936337400866,
    0.38209513419452196,
    0.4309835555081699,
    0.49903930771735405,
    0.43595172005428384,
    0.3686539011513627,
    0.38955867702528935,
    0.47098137090736675,
    0.4566170929662333,
    0.41599688286422404,
    0.3652572921458507,
    0.41527857620444075,
    0.3670983088207755,
    0.4316648095442351,
    0.3892434777440252,
    0.43794405107857076,
    0.41385377247593447,
    0.3646727072358292,
    0.4150695373095981
  ],
  "val_acc": [
    55.79514824797844,
    51.34770889487871,
    57.21024258760108,
    57.604306864064604,
    51.00401606425703,
    56.41025641025641,
    56.115591397849464,
    57.567567567567565,
    62.11512717536814,
    63.20754716981132,
    68.90982503364738,
    57.8167115902965,
    71.33243606998654,
    60.52278820375335,
    69.78465679676985,
    70.79407806191116,
    67.00133868808568,
    82.88590604026845,
    80.95558546433378,
    71.99197860962566,
    82.5706594885599,
    63.98929049531459,
    66.48721399730822,
    74.05913978494624,
    90.42838018741634,
    74.86559139784946,
    82.88409703504043,
    75.50335570469798,
    86.07764390896921,
    81.98924731182795,
    85.59892328398385,
    82.1236559139785,
    72.1774193548387,
    85.98382749326146,
    68.83378016085791,
    85.52097428958051,
    82.34100135317998,
    83.46774193548387,
    79.5945945945946,
    77.18120805369128,
    88.46153846153847,
    87.17948717948718,
    88.77005347593582,
    85.29411764705883,
    82.3252688172043,
    85.99195710455764,
    89.46308724832215,
    88.7248322147651,
    85.45576407506702,
    85.16778523489933,
    86.89516129032258,
    89.93288590604027,
    87.31543624161074,
    89.97326203208556,
    85.77235772357723,
    88.71621621621621,
    86.02150537634408,
    87.07940780619111,
    89.36742934051144,
    87.81793842034806
  ],
  "gen_success": [
    0.0,
    0.0,
    0.0,
    0.0,
    0.0,
    0.0,
    27.056091940324396,
    28.476545362197054,
    29.90175905338322,
    29.258767721859325,
    28.121544491285633,
    27.22775825630448,
    24.97888355332439,
    24.05358802160527,
    21.0840554067658,
    20.940409031466473,
    17.44438713852669,
    17.330000240084768,
    15.640562888409146,
    14.756437316114962,
    14.48639018137568,
    13.805670871141176,
    13.979150236965271,
    14.035976652894663,
    13.34728964080254,
    13.45441164136399,
    12.566260342396237,
    12.829155625871097,
    12.68184179670746,
    12.505436853339932,
    12.810219065381862,
    12.762111149589709,
    12.623790943874818,
    12.653834842623239,
    12.54981574765286,
    12.065775959320185,
    11.567467111939203,
    11.9736989762532,
    11.59116907820954,
    11.231254063239806,
    11.675917687121247,
    11.025111026979758,
    10.518320899495695,
    11.15020203747844,
    11.099966835777565,
    11.297545983936153,
    10.340265283759686,
    10.816891011215402,
    10.529411566409534,
    10.894022941122547,
    10.650780062200804,
    10.596293828958155,
    10.582326117075207,
    9.642010186443589,
    9.441726246436401,
    10.177056370276238,
    10.246157258566841,
    9.670749959512879,
    10.131197727038625,
    9.399890973935374
  ],