{
  "epochs": [
    1,
    2,
    3,
    4,
    5,
    6,
    7,
    8,
    9,
    10,
    11,
    12,
    13,
    14,
    15,
    16,
    17,
    18,
    19,
    20,
    21,
    22,
    23,
    24,
    25,
    26,
    27,
    28,
    29,
    30,
    31,
    32,
    33,
    34,
    35,
    36,
    37,
    38,
    39,
    40,
    41,
    42,
    43,
    44,
    45,
    46,
    47,
    48,
    49,
    50,
    51,
    52,
    53,
    54,
    55,
    56,
    57,
    58,
    59,
    60,
    61,
    62,
    63,
    64,
    65,
    66,
    67,
    68,
    69,
    70,
    71,
    72,
    73,
    74,
    75,
    76,
    77,
    78,
    79,
    80
  ],
  "loss": [
    0.6873436585678044,
    0.666506652938389,
    0.6402741668392734,
    0.6080459035019006,
    0.5935075305208397,
    0.5791301153406334,
    0.5986823047403953,
    0.606340594229645,
    0.6069190034635892,
    0.6121173795714254,
    0.6063441470209994,
    0.5949845114605135,
    0.5964260464707272,
    0.5854031696195496,
    0.5750654397400782,
    0.5673584952451926,
    0.5556835686185546,
    0.5403470496705917,
    0.5333302601562556,
    0.5311289011988941,
    0.5184759767968415,
    0.522350948096208,
    0.5162391130809004,
    0.5146437084586204,
    0.5087568028708817,
    0.49826474803531035,
    0.4997872874196134,
    0.49820994887653336,
    0.49647679038650483,
    0.487990752804235,
    0.49036938384119905,
    0.4902082966384391,
    0.4889948723706171,
    0.48184929295100243,
    0.4699588544306702,
    0.4579503807658156,
    0.45331942170969175,
    0.45322713931697006,
    0.45223729317959355,
    0.44782083750214274,
    0.44106035006533767,
    0.4415270721602174,
    0.4396946410264224,
    0.4355255060701122,
    0.4325649514517376,
    0.4427009814290752,
    0.4370771618802308,
    0.4396949956629799,
    0.4341394649783918,
    0.4338905713815228,
    0.43272351188287417,
    0.4362947951905346,
    0.43138428348147734,
    0.43249786132773504,
    0.4338700739202889,
    0.4278908334256991,
    0.4258442397011257,
    0.427684541196185,
    0.4251300939618433,
    0.42429590579745496,
    0.42454249885445633,
    0.4224461030118084,
    0.41658584978500707,
    0.4203077812841834,
    0.418702898415491,
    0.4137966704856064,
    0.41925589845526173,
    0.4130144104860086,
    0.41305564593205224,
    0.4095510685310931,
    0.41425031977515236,
    0.4142140079165037,
    0.41068588501901876,
    0.41269347426173414,
    0.40751840744763057,
    0.41216722197249034,
    0.406785327705752,
    0.4134229391702489,
    0.4094303773238313,
    0.41013924284495384
  ],
  "model_acc": [
    53.49576889407645,
    57.909950946040645,
    61.937857726901065,
    66.10896986685354,
    68.22323462414579,
    69.91941135248774,
    67.50934142923867,
    66.96631837020605,
    67.3141990432855,
    66.11198692123547,
    66.5703612910757,
    68.05004666355576,
    68.40692994225049,
    69.77110825645218,
    70.39381563593932,
    72.06594689232566,
    72.85714285714286,
    74.57696347298402,
    74.80731052201331,
    75.07441779022938,
    76.37180010496239,
    76.1544748671843,
    76.83233078315716,
    76.67522764417464,
    77.20506683789621,
    78.19375547125766,
    77.99241318937847,
    78.0460038531146,
    78.13739211569862,
    79.25640576664915,
    79.03150525087514,
    78.86411393882793,
    79.0155894202137,
    79.97898055701523,
    81.04565623540401,
    82.18142548596113,
    82.30176340067733,
    82.18353875810503,
    82.38264829518917,
    82.71306072449396,
    83.2623409966157,
    83.21853840765819,
    83.39947475926466,
    83.58531317494601,
    83.89242167901523,
    83.44908082871316,
    83.75656742556917,
    83.42086834733894,
    84.13240011665208,
    84.02113004903106,
    84.09807355516638,
    83.84413309982487,
    84.17196894518709,
    84.04491105278507,
    83.88207822533568,
    84.36496350364963,
    84.46774947417622,
    84.41349915338354,
    84.60191454587905,
    84.56534422403735,
    84.62122096416482,
    84.66118017860269,
    85.25910364145658,
    84.80492214381525,
    85.12575129836027,
    85.46786527348083,
    85.14972856225556,
    85.60836057916862,
    85.67010910788261,
    85.88486016231681,
    85.57052852642632,
    85.42445119103223,
    85.6663358823186,
    85.36948400653748,
    85.9420628431258,
    85.41824762127138,
    86.06892523364486,
    85.2702544945132,
    85.68177840014003,
    85.69510913972219
  ],
  "val_loss": [
    0.6845878033303829,
    0.682785350036107,
    0.6614200718640638,
    0.81226997099526,
    0.7231445274997746,
    0.6470892353739977,
    0.7535254481018231,
    0.8213669364516799,
    0.8038180580579612,
    0.6767987025715912,
    0.6755224124579859,
    1.7535400397051377,
    1.3381547027770153,
    0.7196467488444842,
    0.6836578825120169,
    0.8597393488338465,
    0.9731327988696067,
    0.8428051452508709,
    0.9803723802797567,
    0.9495855231973577,
    1.4095080429901186,
    0.8582075678679838,
    1.8193006815531694,
    1.9976971687809113,
    1.188255290190379,
    0.8616564299470635,
    1.0158897734716574,
    1.077083524761584,
    0.9615975847365547,
    0.8603766541327199,
    0.9003212794481024,
    0.795142605740537,
    1.3054190515190043,
    0.9628726043148503,
    1.333302353086804,
    0.7887540009573445,
    0.78600517153256,
    0.8489893790214292,
    0.9179125959808762,
    0.924683075223193,
    0.9107102565115441,
    0.8110524263137426,
    0.882694868480458,
    1.00411640067789,
    0.8049133509717962,
    0.9446612938479508,
    0.8148917177379531,
    0.9981353801368867,
    0.8240278872983385,
    0.7680348439504636,
    1.095866681427084,
    0.769952462823599,
    0.993282162103077,
    0.8377222061794709,
    0.7375594425976761,
    0.7057999208166793,
    0.7648391140404568,
    1.029075920902704,
    0.8223130556166894,
    1.0468307297871295,
    0.8372184184967749,
    0.7563231772721857,
    0.957625899398536,
    0.8255730052922396,
    0.822872930957425,
    0.8615883107798988,
    0.9042183833531336,
    0.8505658668743062,
    0.8052316663249227,
    0.8621802633603414,
    0.8769825018492321,
    0.8677939377904897,
    0.9534502402346402,
    0.806918850053731,
    0.9475064697535897,
    0.9624750255256571,
    0.9622358573076703,
    0.9009614978563769,
    0.9187746593480476,
    0.9246058085588952
  ],