{
  "epochs": [
    1,
    2,
    3,
    4,
    5,
    6,
    7,
    8,
    9,
    10,
    11,
    12,
    13,
    14,
    15,
    16,
    17,
    18,
    19,
    20,
    21,
    22,
    23,
    24,
    25,
    26,
    27,
    28,
    29,
    30,
    31,
    32,
    33,
    34,
    35,
    36,
    37,
    38,
    39,
    40
  ],
  "loss": [
    0.6772467587073939,
    0.6107895903870962,
    0.5080913085919774,
    0.397399952697488,
    0.35937467394708256,
    0.41658765930668573,
    0.5273413895231197,
    0.5268789717034337,
    0.539542103567088,
    0.5336002448234416,
    0.521324371648987,
    0.5296603043504807,
    0.5172446823253064,
    0.5177970297052957,
    0.4972252712816997,
    0.4933666190250212,
    0.49267374704761574,
    0.48333534077640805,
    0.46100949288300863,
    0.4506704247795516,
    0.45384904564978024,
    0.4374298548609794,
    0.4349038342782556,
    0.4348323265416028,
    0.4343907653620695,
    0.4165059607268266,
    0.4278326272742899,
    0.4147339425565585,
    0.4176490333443681,
    0.4091158055018315,
    0.4127094054310738,
    0.4013394050881765,
    0.3984611705776484,
    0.3923541822619598,
    0.3908068486749018,
    0.3892438040568483,
    0.3875240378885021,
    0.3894137403335713,
    0.39764171827681444,
    0.3926918961966348
  ],
  "model_acc": [
    56.815398075240594,
    65.6385091716322,
    74.11527680448494,
    81.07405676906903,
    83.4938704028021,
    80.20602311194116,
    72.80282265119263,
    72.49985404868936,
    71.12647299031619,
    71.94011556645071,
    72.33732127224978,
    71.82465561522298,
    72.96043417366947,
    73.35044629834898,
    74.56237600653519,
    74.83955659276546,
    75.04964373320874,
    75.68860877684408,
    77.35386769338467,
    78.17481170082326,
    77.88349287882326,
    78.77920560747664,
    78.95428271150814,
    79.01879523698342,
    79.11732104311301,
    80.2837459131247,
    79.65285880980163,
    80.1021301429822,
    80.05603221852566,
    80.72637106184364,
    80.5729136249489,
    81.06255105613258,
    81.23905684603712,
    81.5585249153927,
    81.84099929955639,
    81.7717454757735,
    82.21327733053319,
    81.87073042564371,
    81.38360004672352,
    81.54331076348355
  ],
  "val_loss": [
    0.6855210462670442,
    0.9459607932124177,
    0.717917722672465,
    0.8769352298886747,
    1.375745378504476,
    1.5040817313831345,
    0.5912855902025776,
    0.9028787917382008,
    0.6016266271771198,
    0.8265901500324033,
    0.5215542589591298,
    0.657095076420879,
    0.5126136563828624,
    0.6244370189492888,
    0.6811782278090435,
    0.7277968195373566,
    0.41252135875394225,
    0.8790047237537051,
    0.43457854143061836,
    0.5594501039561104,
    0.3572897721748814,
    0.7584854524777117,
    0.75746933905305,
    0.5514503871240923,
    0.3884907729095883,
    0.6511887799027145,
    0.5838664664091126,
    0.576070460537136,
    0.6690756821408967,
    0.5151723546366538,
    0.4996586221384328,
    0.6221553920417704,
    0.5291113622726933,
    0.7163900056617922,
    0.6038227047741254,
    0.5220482430051564,
    0.5251313618337673,
    0.6253953415860412,
    0.6022108129552892,
    0.5426998084823558
  ],
  "val_acc": [
    55.05390835579515,
    55.59299191374663,
    62.46630727762803,
    65.00672947510094,
    56.291834002677376,
    55.26315789473684,
    68.34677419354838,
    57.770270270270274,
    68.27309236947791,
    58.9622641509434,
    73.55316285329744,
    64.21832884097034,
    72.88021534320323,
    65.3485254691689,
    64.46837146702558,
    60.69986541049798,
    80.92369477911646,
    57.11409395973154,
    80.01345895020188,
    73.39572192513369,
    84.65679676985195,
    64.12315930388219,
    60.69986541049798,
    72.84946236559139,
    80.92369477911646,
    69.55645161290323,
    69.4743935309973,
    69.73154362416108,
    68.20615796519411,
    74.79838709677419,
    74.15881561238223,
    70.49731182795699,
    73.38709677419355,
    64.8921832884097,
    70.24128686327077,
    75.10148849797022,
    74.76319350473614,
    68.54838709677419,
    70.47297297297297,
    73.35570469798658
  ],
  "gen_success": [
    0.0,
    0.0,
    0.0,
    0.0,
    0.0,
    20.59928726885694,
    23.45456307588408,
    22.157473395620293,
    24.15210700751932,
    21.73004225770633,
    23.75755360878894,
    26.196793622857346,
    22.2963000883996,
    29.00449548735682,
    26.083507174572375,
    29.394046866117595,
    32.20398580643596,
    29.5828342814624,
    25.011477769512997,
    26.222282879237905,
    27.788187794280557,
    30.14636654549312,
    29.19213840067153,
    26.145451170730123,
    30.805051916361865,
    28.104297994959126,
    31.25232635770786,
    29.50989412467189,
    30.980131074637217,
    30.34761405281322,
    30.093608697538908,
    29.19015046658332,
    26.20529328910734,
    27.682060382956365,
    24.637994435919563,
    27.106475146299598,
    26.308162288458465,
    24.82580493509195,
    28.64981224880296,
    28.21481259802799
  ],
  "learning_rate": [
    0.0001,
    0.00030000000000000003,
    0.0005,
    0.0005,
    0.0005,
    0.0005,
    0.0005,
    0.0005,
    0.0005,
    0.0005,
    0.0005,
    0.0005,
    0.0005,
    0.0004984437719485775,
    0.0004937946582650013,
    0.000486111124251321,
    0.00047548979480584874,
    0.00046206423930900034,
    0.0004460032919108374,
    0.0004275089283436705,
    0.00040681372596003656,
    0.0003841779389375458,
    0.0003598862254315956,
    0.0003342440678339039,
    0.00030757393115418783,
    0.0002802112078355687,
    0.0002525,
    0.00022478879216443132,
    0.00019742606884581222,
    0.00017075593216609624,
    0.0001451137745684044,
    0.00012082206106245422,
    9.818627403996346e-05,
    7.74910716563295e-05,
    5.8996708089162624e-05,
    4.293576069099968e-05,
    2.951020519415129e-05,
    1.8888875748679025e-05,
    1.1205341734998655e-05,
    6.556228051422456e-06
  ],
  "fallback_rate": [
    0.0,
    0.0,
    0.0,
    0.0,
    0.0,
    0.0,
    0.0,
    0.0,
    0.0,
    0.0,
    0.0,
    0.006,
    0.0,
    0.0,
    0.0,
    0.0,
    0.012,
    0.0,
    0.0,
    0.0,
    0.035,
    0.006,
    0.006,
    0.006,
    0.0,
    0.006,
    0.006,
    0.012,
    0.041,
    0.023,
    0.017,
    0.006,
    0.006,
    0.023,
    0.046,
    0.017,
    0.012,
    0.029,
    0.023,
    0.029
  ],
  "blend_factor": [
    0.0,
    0.0,
    0.0,
    0.0,
    0.0,
    0.5,
    1.0,
    1.0,
    1.0,
    1.0,
    1.0,
    1.0,
    1.0,
    1.0,
    1.0,
    1.0,
    1.0,
    1.0,
    1.0,
    1.0,
    1.0,
    1.0,
    1.0,
    1.0,
    1.0,
    1.0,
    1.0,
    1.0,
    1.0,
    1.0,
    1.0,
    1.0,
    1.0,
    1.0,
    1.0,
    1.0,
    1.0,
    1.0,
    1.0,
    1.0
  ],
  "pad_rate": [
    0.412,
    0.569,
    0.534,
    0.546,
    0.5,
    0.476,
    0.401,
    0.505,
    0.43,
    0.482,
    0.47,
    0.488,
    0.465,
    0.436,
    0.453,
    0.441,
    0.546,
    0.465,
    0.43,
    0.517,
    0.488,
    0.558,
    0.517,
    0.488,
    0.436,
    0.511,
    0.441,
    0.47,
    0.482,
    0.441,
    0.54,
    0.453,
    0.476,
    0.453,
    0.488,
    0.5,
    0.43,
    0.517,
    0.546,
    0.488
  ]
}